name,rating,review,sentiment
Sourabh Poddar,4,Not impressed with the taste. But it's okay with the price they offer their food. So if you have a normal budget with less expectations you can go have a go. We went to have lunch with a group of three and the bill was less then 1000 and the quantity was too good!!,Neutral
Kavya kr,2,There are no veg hotels near SDM hospital except this one. All good items in this hotel is very costly. Not for middle class people. Ended up paying more,Neutral
sai krupa,4,"The proverb looks can be deceiving is best applies for this place, situated in Mysore Road , outside look like any other ordinary lodge, the room inside was great, ambience and basic facilities were really good, food was delivered quickly but taste was only alright. For a 1-2 day stay this place is far more than sufficient",Neutral
piyush mani,1,"Dont go.

Very lethargic service ‚Ä¶",Neutral
Raghavendra Kulkarni,5,Good quality and quantity. Coffee was really great. Service was quick for us as we ordered at the very beginning of entrance. Heavy rush during weekend.,Neutral
Hanzal Khan,1,Literally the most horrible service with no lights in the service hall and absurd behaviour by the staff and the food is not worth the price.......,Neutral
Rajarshi Choudhury,4,We stopped here for a breakfast pitstop on the way to madikeri. Although the ambience is definitely low key we found the rava dosa and masala dosa very delicious. The coffee also hit the right spot. The prices are very reasonable. The washroom can be cleaner.,Neutral
soundarya gowda,5,Food was really good.  Best worth for the price. South Indian and north Indian meals is highly recommended,Neutral
chitra sulibhavi,1,"Waste of time and money. The idlis were very bad looked like they were made yesterday. When we told it to the waiter, absolutely no response. They didn't bother to offer water, inspite of asking multiple times. Very rude. I would not recommend this hotel, would prefer giving 0 rating",Neutral
Anil Anil Kumar,5,Very nice.. everything will be good.. i visit every day that so awesome üëç ‚Ä¶,Neutral
Naveen kumar,5,We stopped here for breakfast and dinner. Good food and fast service. All items were very good.,Neutral
ravi nair,3,"Decent food,  good location,  ample 4 wheeler parking , decent ambience,  service & response can be better.",Neutral
Meenakshi Agarwal,1,Worst experience ..we ordered buttermilk n there was bug in that 2 times... Really really very bad üòî ‚Ä¶,Neutral
Amitabh Divyaraj,3,"This restaurant is located below the flyover, which is part of Bangalore Mysore highway. Overall food taste wise, it was ok. Ambience is also average.",Neutral
Arjun M K,4,The hotel rooms are decent and good and the food is amazing. But there's still room for improvement,Neutral
Namitha Varma-Rajesh,4,"Good vegetarian food, normal south Indian fare. Rava masala dosa was not as good as expected - too spicy. Poori sagu was quite good - the poori was not soaking in oil.",Neutral
somasekhar dabbadi,4,"You will get all the breakfast items. Nice seating, service and food.",Neutral
Mayur Shanbhag,3,Decent food and not very crowded. Use the lift or stairs to got to the hotel. Rooms are also available but mostly reserved by corporate booking. If you need the hotel rooms then better talk to the hotel and get a confirmation well in ‚Ä¶,Neutral
ARUN ‚ÄúARUN‚Äù,1,The worst hotel in Bangalore.waste of money.waste of time.   Services very bad . food quality zero.,Neutral
Abhijith Seetharam,5,"When we went in quite early in the evening, there were hardly any people dining in. We were served quick and as expected. All the dishes we ordered were good and quantity also was satisfactory. The staff was courteous and polite. Kudos to ‚Ä¶",Neutral
Vijeth Bharadwaj,5,The breakfast was absolutely amazing. Would definitely recommend,Positive
Dhawal Dyavanpalli,4,Your order might get delayed but the dishes taste good.,Neutral
sushant chougule,3,"Good food, rooms are spacious but need to be maintained",Neutral
Manjunath Chandrashekhar,5,"One of the best tea I have tasted
Courtesy of the staffs is appreciated
Huge parking area ‚Ä¶",Neutral
Dhanush Gowda,5,"Nice food but very expensive‚ÄúIf we are lucky, we go for dinner one day and breakfast another. The dinner menu is varied enough for a family like mine that has only one seafood eater. The pasta and pizza are delicious! The breakfast menu is ‚Ä¶",Neutral
Ayappa K N,3,Another regular south Indian joint nothing special bit  expensive.,Neutral
A J,4,Nice place with decent quality and stay. Good food too,Neutral
Ahmed killedar,2,Service was very bad... and ac in the rooms are not well maintained,Neutral
Muralidharan Krishnamurthy,4,"We had rava idli and coffee, very good",Neutral
Ranjith Bangera,5,We ordered south Indian meals it's good for normal food for lunch time. Parking also available here.,Neutral
Sally M,1,Very slow service. Bad taste. Waste of time and money.,Neutral
Abhi S,4,The place is nice and spacious. Moderately clean. Tried Rava dosa which was nice. Liked their chutney alot. Lemon tea was also really nice. Fast service and polite staff.,Neutral
Vaidya Raj Agrawal,4,It was a nice experience the quality and the test of food was very nice and even the service was very nice the prices are little bit high so they can reduce the price of the dishes rest all things are up to date over there in the restaurant ‚Ä¶,Neutral
Malyadri Puvvada,4,"A neat and clean place to have breakfast, lunch or dinner. They also serve chat items, icecream and a variety of juices as well. The service is excellent. The waiters are polite and helpful. The menu includes a choice of South Indian, North ‚Ä¶",Neutral
Nitin Goyal,3,Rooms are a bit expensive as per their quality.,Neutral
Umme Salma,4,"It's a good place to go, we had gone for thaali, the taste was good and it was quite reasonable also.",Neutral
Amulya Agrawal,4,best place for veg food at good price,Positive
Lohith Gangadkar,3,It is on the Mysore main road. Not value for money. Quality of the food is 3 star. Service is 3 star. Cost is 2.5 star. Some of the item quantity is more & some of them are not. It's not balanced for its pricing.,Neutral
Ratheesh PR,1,"Very bad.
Nobody don't go.
They just steal your money",Neutral
Nitin Adlok,5,"Parking: Available
Cleanliness: 4 Star (Good)
Good for family ‚Ä¶",Neutral
Neelam Yadav,4,We ordered North Indian Thali. The food was good. The service and ambience was pleasant. Do visit for a quick meal.,Neutral
NITHIN KUMAR,4,Decent Family and friends restaurant good service and very good taste. Both quality and quantity is good and reasonable price. I tried butter naan which was literally like dipped in butter with navaratan kurma and paneer kofta cury. Baby corn Manchurian was so good crispy and yummy.,Neutral
Sandeep More,3,Nice hotel to stay.  Food quality is not so good as expected.,Neutral
Sirsendu Das,3,"Quite good for the daytime. But avoid in night as the area is not that great. Also, the food is served in pretty bad plates. The upholstery is not clean and full of stains. The bathroom is another place which needs cleanliness. It is better to drive another 40 km which is just 30 minutes away for better eating options",Neutral
Hardik Desai,4,It's good. But can do better,Positive
Tahir Mohammad,3,It's a good restaurant and it serves only veg foods the taste of food is good and staff is so caring here one can get a parking space easily  and it is close highway also here one can get some snacks like pani puri outside the restaurant.......,Neutral
Sharan Kumar,3,Nice place to have a great food in this locality it doesn't mean that it is very good place lot's of improvements are required interms of quality improvement.,Neutral
vijayan Rao,2,"Food good tasty. Ambiance does not match what you see in their web site. Old tables, dull look not what you see in the resturant web site disappointed on ambiance/fine dining.  Food good can give 3 plus stars. .Rest rooms need a full make ‚Ä¶",Neutral
sudheer sv creations,3,"Everything is good but not the best,",Neutral
viji tech/talkies,1,"Too expensive ..food is good,, price is high..we have better options in Mysore road then this place...",Neutral
Samson R,4,Good clean place... Didn't like a room due to drainage issues they immediately gave me another room... happy with the service,Neutral
Prakash_ 19,4,"Good place to stay, decent Staff and clean. Rooms have all essential facilities.",Neutral
Malavika Subramanya,4,"Good food. Excellent taste. Even though the construction of the metro seems to have affected the walk-ins the taste of the food here is uncompromised.
Would suggest roti and paneer butter masala to try.",Neutral
Shivanjali Digital Studio,4,"Convenient to reach as it is on banglore Mysuru road, sufficient parking with parking assistant , food is good service is fine, one thing I don't like is the restroom it has commen entrance for gent's and ladies, though the have all the ‚Ä¶",Neutral
Niyaf N.a,4,"Friendly staffs and good service.
A bit overpriced. Rest everything upto the mark.",Neutral
Jethin Peter :,3,"South Indian meal- Even though the quantity of rice was more than sufficient, the taste of currys were not upto the mark. Overal, not a bad experience",Neutral
Saravana ‚ÄúShetty‚Äù Subramani,1,Food quality is good hygiene is also good but be careful full while parking there is chances of thefting. Before getting in please double check your vehicle doors are located,Neutral
gaurav basu,4,The place is quite good compared to all other places,Neutral
Dr Sagnik Bhattacharya,5,Good decent hotel A bit expensive The staff is very helpful,Neutral
Pooja Ramraika,4,It's a pure veg restaurant with good parking space for both 2 and 4 wheelers.,Neutral
kapil sharma,5,"One of the Best restaurant on Mysore road.
North south all cuisines are too good.",Neutral
Abhijeet Pawar,4,"Pure veg, testy food and ideal place for family. Ambiance is good with quick Service.
Morning breakfast as well as meals are very testy",Neutral
sivarama krishna,4,Good place to stay and dine. Mysore style food. A bit sweet.,Neutral
veeresh r,4,"One of d best hotel in Mysore road, provide good service also,
As I seen after eating of food here  ,for digestion it WL take so long time",Neutral
Varsha Vinod Menon,3,"Their Masala dosa, Paper roast and onion dosa are my favorite breakfast options here. Prompt service. Cordial staff. They have sufficient parking facility. They are located very close to Brigade Panorama. They have a huge dining area. ‚Ä¶",Neutral
Mayuresh Desai,5,Nice stay in Hotel. They have good restaurant at ground floor,Neutral
Raghavendra B R,4,Good vegetarian restaurant. I like Chats here very much. South and north Indian dishes available. The taste is good. Lodge facility is also there.  The rooms here are very clean and their support staff also good. Overall facilities are good next to main road. Easily identifiable.,Neutral
Hetal Shah,4,"Located on main road, it is quiet convenient to get here. Rooms and other amenities are good at affordable prices. It has got it's own restaurant where quality food is available at decent prices.",Neutral
Sravan K,2,"Worst food, very sweet sambar, tasteless poori saagu, over burnt dosa. And the prices are high and not worth at all.",Neutral
prajwal KN,4,"Service wise no comments, also they serve taste food at reasonable price. Washroom and parking are good.",Neutral
Lalit Tany Sudhakar,4,Nice hotel on main road it is not fully Ac .Food quality and quantity is good but if order some item they are take lots of time to prepare food. But over all experience is good .It  multicusine hotel so you can all enjoy all foods.price of food are also value of money.,Neutral
Sai Balaji,1,"Ordered Masala dosa and coffee
1. The dosa was so oily and the masala aloo didn't have any spices nor salt.
2..The Coffee was very watery. ‚Ä¶",Neutral
Utsav Kumar,4,"This is good hotel at a good price. The rooms are big and clean, the room service is nice although a bit slow. It is located near a lot of colleges so its good for visiting parents and also for people on long distance road journeys. The ‚Ä¶",Neutral
Surya Kumar,4,"Nice hotel. The service is good but a bit late. The dishes tastes nice. From the cost point of view it's a bit high. For example one south Indian meal coast Rs. 95 and north meal Rs.120. And the valuable suggestion would be, don't order the ‚Ä¶",Neutral
R,5,Clean room. Tasty food. Good service.,Positive
Pruthvi Raj,4,Very helping room service and reception staff. Decent rooms and I had very comfortable stay,Neutral
Laze Berg,3,They have good veg restaurant plus the rooms are decent...a bit expensive for the area ...but if u are specifically visiting the place ..this is a best available stay around..,Neutral
Sahil kumar gouda,4,"It's a very good restaurants which provides a great delicious food .
this restaurant is located in Mysore road Highway, it have it's lodge with room service and lift service . ‚Ä¶",Neutral
Prashanth Gowda,1,Srinidhi hotel was good bt Srinidhi chats very bad....... Waste of money.......,Neutral
Akshay Chandrashekar,4,Decent and good veg restaurant towards exit for Bengaluru. Parking space is good enough not so great. Taste is good. Can prefer for family.,Neutral
Ritesh Prabhakar,5,Very nice place to stay...very clean rooms and toilet...well behaved staff...spacious rooms...,Neutral
Mol Guru,1,Had very horrible experience while paying the bill paid through Google Pay and the cashier said not received please pay again paid again after waiting 15 mins and it received immediatly after that followed up multiple time poor ‚Ä¶,Neutral
nirmal kumar,4,Tasty food and good ambiance,Neutral
Saumya Tripathy,5,"Love this place.

You have all the reasons to stop here... ‚Ä¶",Neutral
Dr. Anuraj Gowda,3,Service is quick. However vada served was cold not even warm. Masala dosa was okayish,Neutral
Kalicharan Sabat,4,Good place for south Indian food.,Neutral
Shaik Tabrez,4,Very clean and neat hotel good taste also,Positive
Vikas,1,I brought Veg-Fried Rice and Gobi Machurian on 15-03-2021 night and was disappointed after opening the package at home. ‚Ä¶,Neutral
balaji rao,4,Good ambience. Nice food. Courtesy shown,Positive
Naman Pandey,4,Good spacious rooms. Better if you are staying for business purpose.,Neutral
Ali Jafri,3,"While on our way to trek, we stopped here to have breakfast. The food items were okay, not that good and not bad either. The milkshake was thick so go for it. Try Dosa for sure as no matter where you go in south, you'll get a good and yummy dosa.",Neutral
akash mahajan,4,"Nice hotel for stay also food quality also good, liked pongal special for breakfast thats dish i tried 1st here in my life. If any one from outstation then have to try pongal.",Neutral
Roshan P,3,Okay kind hotel.... nothing like to say delicious,Positive
Altamash Khan,2,"There are two things I disliked.
First, they take ages to bring your food. We ordered at 7 and we got the food by 8, and the order was just a sabzi, a daal and few rotis! ‚Ä¶",Neutral
gagan mishra,3,"Not much different then other outlets near by on the highway. Has parking, and the parking guy was very helpful to the people. Food is okay, they do deliver it fast. Buttermilk was not up to the mark. We had vada and rava onion masala dosa. Stop if you are really hungry or you find this place having less crowd.",Neutral
joseph george,4,"a clean place for a quick bite,just the traditional south indian (not kerala)fare with ample car parking.
lots of seating space so there always a seat available.
For take aways a separate counter serves customers",Neutral
Ajay Kumar,3,"Nice hotel on Mysore road.
Friendly staff specially reception guy.
Good dinner menu.",Neutral
gururaja rao,4,"Good restaurant (vegetarian) particularly for south Indian delicacies such as idli, vada, masala dosa, etc., and nice filter Coffee and Tea. Good for travellers moving towards Mysore, can enjoy good breakfast/lunch/snacks.",Neutral
Kunjan Doshi,1,"When you give 1 star and restaurant replies with ""visit again"" and don't even ask for feedback, you know that they don't care about customer. There was hair in food. When we reported they first just removed the hair. When we asked them to replace it then only they replaced it. Didn't look like they were sorry.",Neutral
Mayur Vaishnav,4,"One of the best and neat rooms at Mysore road. I had stayed at premium room for one night @3500/- I personally felt good with the service, ambiance and facilities provided. As far as I know standard rooms are available somewhere between 1800/- to 2100/- .",Neutral
Chandrashekar Komarlu,4,We had been there for breakfast at 7 am... The time the restaurant opens. We claimed that we were in urgency. The staff cooperated by rushing the orders and ensured we were on our way in the next 10-15 mins. ‚Ä¶,Neutral
Joel Simon Hembrom,5,Its a Non-Veg restaurant. Good for lunch or dinner. Very economic.,Neutral
Seenivasan V,5,"Nice place to have Lunch during the day, you have sufficient place and varities of dishes to enjoy. Had south Indian lunch, very good tasty food, we can get all regional foods..",Neutral
Henry Allwyn,3,"An good place to stop over for a quick breakfast, not too crowded and you get you food in quick time and the staff are courteous. ‚Ä¶",Neutral
Syed Maqbul Hussain Kotwal,3,This hotel decent quite good price for the food it provides. This place has very big place for customer to sit and enjoy thier food. Its an vegetarian restaurant provides both South and North Indian foods. The food quite ok when we had lunch at this place. This place also provides ice creams and different juice.,Neutral
Avinash Manur,2,"Looks ok with taste but serving is not good, waiters are having attitude. 2:30pm when I ask where roti curry is available they said yes, when ordered he start abusing me as they did not had that option . When checked with casher he also supporting them",Neutral
GIRISH CHIKKUR,4,Be there before 3.30 in afternoon otherwise you can not order any north Indian items on the menu. We had south meals as only idli and meals were the only 2 options available at 3.30. Taste wise good. Its quite a big restaurant. Rest rooms ‚Ä¶,Neutral
Madhushri DG,3,Food and ambience was ok. The condition of women's washroom was not ok. Ample parking space is available for two and four wheeler vehicles. The service was fast. Good pitstop while travelling on Mysore Road.,Neutral
Vijayakumar Ravi,5,Best hotel for your friends and family ü•≥ü•∞‚ù£Ô∏è ‚Ä¶,Positive
Sourab Aran,4,Good services provided by them. Food tastes good,Neutral
Dr rg patil,1,"Food cold ,.
Very slow & poor service.
Not worth it.",Neutral
Devendra Phani Kumar Manepalli,5,Nice hotel but the quality of food needs to be improved.,Neutral
Wilma Sharon,1,"We asked for a room , me ,my husband and my brother in law got caught on a heavy rain so went there and asked ,they just said no rooms available. But when we tried booking for some other hotel room we found that there was a room available ‚Ä¶",Neutral
vinod patil,5,Every day I thank God for giving me an incredible¬†child. I am so proud of you. ... ‚Ä¶,Neutral
Shamantha N Karekal,5,"Uffff ammazingggg and a delicious food.
Must visit place if your around this place.
Vegetarians you'll go bonkers, amazing menu and tastes so good and descent priced.",Neutral
Shweta Jain,3,Booked suite room with 1 king size bed and 2 single beds perfect for family and kids.food is good..,Neutral
Giridhar Vetcha,3,"It's a place with an average ambience like any other sagars in Bangalore. The food is tasty though. Of course, we tasted vada and idly only as dosa items were not ready even at 8am.",Neutral
Rakesh Mahato,2,"Just average food.
Bathroom flash does not work and even though you informed them, it seems that they are not interested. ‚Ä¶",Neutral
Uday Shankar,3,Service is good   but food not for repeat again,Neutral
Vijay Raj,5,Good veg restorant at this location,Neutral
bharath r,4,One of the best restaurant in mysore road after Kengeri till maddur. Also here they serve tasty and hygienic food also quick service. Good place to bring family. There is parking lot. Comparing to other restaurant in mysore road the price and taste is better.,Neutral
Ramesh Badagi,3,"It‚Äôs good place but they little need to improve on the food quality.
And also need to improve on the cleaniness of wash rooms.
Restaurant ambiance is good. Very much accessible to main road.",Neutral
CA Satheesh Shetty,5,A good hotel for stay and services very good...,Neutral
Chirag Katudia,4,Had dinner while returning from WonderLa. It is a good veg restaurant on the road and decent menu of verities. Also a good ambience and fast service.,Neutral
Gautam Bhattacharjee,4,Clean room and staff behavior is also good,Neutral
Mahesh Chandramouli,4,"When I travel back home, I prefer Srinidhi Sagar for a quick evening bite. I have been visiting this restaurant since 2014. ‚Ä¶",Neutral
chetu l,3,We had been to lunch here ..when visted SDM anchepayla.,Neutral
Dr.Venkatesh RS,4,Been here for lunch.....a decent place and good service.,Neutral
Prashant Hiremath,1,"Not a hygiene products inside hotel also has the same issue..

Food quality was very bad, sout thali was pathetic ... They use lot of soda in rice and in other cooking",Neutral
Nishchal Upadri,3,Decent place on the highway. Avg taste with reasonable pricing. Avg service quality. They have good seating capacity and parking.,Neutral
Vasan P,4,Good food,Positive
Manigandan Swaminathan,4,"Nice place to eat
Normal Menu
Good taste",Neutral
Raj Mouli Jujjavarapu (Raj),4,Has good rooms and food is really good but the problem is u only find veg,Neutral
Akhilesh S.v.,1,Service was pathetic. The waiters couldn't cope up to the customers and there is a lot of delay in getting orders. Even getting water takes 20 mins. Food was served cold and the sagu and sambar had no vegetables in them.,Neutral
Nandita Venkatesh,5,"Pure Vegetarian restaurant. Food served is tasty and prepared well. Ambience is simple, but food is awesome. Lunch time the restaurant gets crowded and  there can even be a wait time. Get South Indian dishes like varieties of idli, vada and dosas, North Indian food like roti, curries, Desi Chinese, Sandwiches, Chaats, etc.",Neutral
Clinton JL Cruz,2,i dont know what service was provided but they charged a service fee of Rs.22+7gst for a Rs.35 watermelon juice. If we get it from their juice counter ourselves it's only 35. Basically they charge 29rs. to walk 10 metres and bring it on a tray. pathetic milking of customers. Food is average,Neutral
ashok kumar,4,Food quality and taste was good i had South Indian meals. But what I observed is that they never come and ask if we require extra sambar or rasam or anything which in South Indian food is a must.,Neutral
Viswanath Kotta,1,"Food is ok, but the restrooms and wash basin area are occupied by the folks who are brushing their teeth, washing face etc(coming by over night buses, I suppose). Very disgusting. Management needs to control it,  as it's not a public toilet.",Neutral
Abhishek p Gowda,2,We had been to break fast here idly was good Kesari bath was worst dosa was not upto mark and juice was worst they are using old fruits total experience not worth,Neutral
Mainak Mitra,1,Below average place. Food isn't good. Staff was rude. Toilet was dirty and smelly. No COVID protocols being followed.,Neutral
Sunil Vijaykumar,4,All aspects to run a eatery is well taken in to consideration. Good place to enjoy. Consideration to open the shop in late nights might help them to garner the crowd.,Neutral
Naveen Kumar Puri,4,Place is good and they have a nice menu. It is certainly the place to stop as soon as u get out of the traffic of Bangalore. And take some rest and eat and then move.,Neutral
Sreenath G,3,Average food and not a great ambiance.near to highway,Neutral
Pavan Kulkarni,5,Chatni and sambar are lip-smacking good. Chhole bhature is top notch as well but they're not preparing it anymore due to covid. I hope they bring Chhole Bhature back to their menu asap.,Neutral
nitin hugonder,5,"If u r looking for delicious and sumptuous vegetarian meals then this is the very right place for you. Serves delicious delicacies. Experts in South and north Indian dishes. Neat and hygeinic place, well behaved staff.",Neutral
Swathi Kulkarni,5,"Great food. We had butter masala dosa, puri Wada and coffee - all the dishes were pretty good.",Neutral
Mohan Kumar L,5,Nice clean rooms. Restaurant available with the hotel.,Neutral
Asha anu,5,All the food items was very delicious and parking facility is also there and even childrenz vl enjoy very foods items it's very tasty and family can sit comfortable as in home it's one of the best hotel to our  whole family,Neutral
Ronald Pinto,5,"Hygienic and clean
Staff's are very friendly and polite
I highly recommend for comfort stay",Positive
Zeeshan Shariff,4,"Good restaurant on Mysore road. Great taste, top notch service and value for money. A good choice if you are travelling between Kengeri and Bidadi. Avoid Kadamba restaurant nearby to this at all costs. It's horrible.",Neutral
Subhash chandra Nigam,2,Rooms are good but hospitality is very poor. They provide toiletry etc on demand.,Neutral
Abhijith P Reddy,4,Finally writing a review for this restaurant.....have visited this place many times but always miss the review........it's basically a south Indian styled darshini ambience with sitting but with some good menu......the food is quite ‚Ä¶,Neutral
Ashish Raj,5,Food is nice and service is good.. I like the juices and shakes in here..,Neutral
Amit Devakar,3,Nice restaurant..tastes ok..decent parking space..but is uncovered parking..there are plenty of option if u r travelling to mysore..if have work in RR nagar then u can try it out. Staff are humble enough to cater to your needs..Service was a bit slow,Neutral
Chaturo Chan,3,Nice restaurant near Anchepalya .Chats served here is tasty,Neutral
Papiya Bhattacharjee,3,Good food & clean environment... but most of the items in their menu card was not available because of the COVID situation,Neutral
Vikasnp,1,"Good place to eat for those who stay around this hotel. Price is a bit high.

26:12:2019 Disappointed with stale chutney. Do not order during night",Neutral
Madhu Sudhanareddy N,4,Ok ok üëç ‚Ä¶,Positive
Ranjan J,4,Its really good to visit srinidhi... but one thing we experienced is that they wont accept cards.... because of demonetizatipn its really difficult to pay the cash each and every time when we are goning to visit this hotel... rest all is ‚Ä¶,Neutral
Archana s p,4,"Best place to have  breakfast and lunch . mini idli here you get is heaven .
Very hygienic and service is also good. Best place to stop if you are on banglore mysore highway",Neutral
Bikash Ranjan,5,Nice place for Lunch and dinner... food is yaammee... ambiance also good... value for money also fine... overall I have good ...,Neutral
amit bindal,4,Nice place...  Nice taste of food...  Only one minus point that no daal option in jain food....  Otherwise all over superb to eat.. At reasonable rate...,Neutral
Shyam,3,Nice restaurant. Only vegetarian food is offered by the restaurant and non veg food is bringing to you by purchasing from other vendors.,Neutral
Chaitra Adya,4,"Liked the open butter masala dosa. It was very yummy.
I sometime like some of their song collections(old kannada folk songs), reminds me of my childhood.
Some are total turnoffs, though !!",Neutral
Hiren Baraiya,5,"It nice restaurant and hotel, it only provide veg food",Neutral
BHAKTI MEHTA,5,Very good food.. impressed with mini food concept.. a small quantity is served if you are unable to finish the whole sabji ya dal. Very tasty.. happy with the quality and quantity..,Neutral
Manoj Kumar,1,"Only for spending 1-2 hours.
Enjoyment purpose inoy.
Towels fully dirty. ‚Ä¶",Neutral
Chidananda B,5,"The best place to take relax and parking , yummy dishes",Positive
Kiran Kumar B C,5,"Tasty food with a very reasonable price. Liked the service offered, multiple payment modes, variety of foods n ambience. A much needed vegetarian restaurant on Mysore highway.",Neutral
Arjun Dutt,5,Great food... But the ambience is average..,Neutral
rafek xec,3,Good food n service but price is slightly high.,Neutral
Ashutosh Gupta,3,good hotel in this area. rooms are good..,Neutral
Pawan Kumar,5,It is awesome place good food and good service.,Positive
chirag pandya,4,Nice place with good food,Positive
Chayapathi Ramaswamy,3,"After Kengeri, while driving to Mysore, you don't find too many hotels till you move closer to Bidadi. After Kadamba Veg and Udupi Gardenia near the Nice Road junction,  you will see Srinidhi Sagar hotel in Anchepalya. Situated very close ‚Ä¶",Neutral
Mayoor M V,3,Best lodging in the area.. business class..little costly,Neutral
Ram K Nair,3,"clean, highly efficient place for a decent bite and drink  for reasonable prices just after escaping from Bangalore chaos!!! Parking available with an outdoor juice vending facility for the rushing highway men and ladies...",Neutral
SUBRAMANYA R (subburama),5,Very nice place... Service very fast.always smiling face server... Food was delicious testy... Quantity and quality most good.. Very good response....,Positive
Mukund Kaujalgi,4,Good place to have food.  Easy acceable on the road and easy accesses for cars parking.  Services are good.  Varieties of veg food available.  Good place to enjoy food with family members.,Neutral
Rohitdas Mallya B,5,A great place for breakfast or lunch. Good and hygienic food. Value for money. Great taste. Prompt and fast service.,Neutral
Srinivas Jaggumantri,4,Good place for South indian food. Your typical clean place. Good food and service,Neutral
Vrajesh Kumar,4,Food is good.  Restaurant ambience is good.  Parking place is there.,Neutral
Shivaraj Gowda,4,Very good hotel but the price is but high,Neutral
Karthik Mavatur,5,"Good Food and Very Helpful staff. Place is not too crowded, all precautions have been taken.",Neutral
Ajay Malhotra,4,"It's a good place to have nice lunch, breakfast, dinner and small meals",Neutral
Ashwin Thomas,5,Good place to stop for a break when driving on Mysore road. Good dosas and filter coffee,Neutral
Tanu g,4,"It's a costly vegetarian hotel on Mysore road, good for stop over for food.",Neutral
Dilip Kumar dilip,3,"For hunger you have to eat .
Nothing say about this",Neutral
PRADEEP H.N,5,nice hotel but no they not ready to marketing,Neutral
Preeti Badmi,4,Top most restaurant..  Fast delivery of food,Neutral
Rahul Vinay,3,"Good hotel for staying, room as compare is small but couple is ok..",Neutral
rahul,5,It was amazing food is great but a bit spicy if you like spicy food this is the best good atmosphere and fast service,Neutral
Gennady Waizman,5,Excellent authentic Indian vegetarian restaurant. Smells make you crazy.  It fits for people  preserving kosher or halal,Neutral
Ambika Vishwakarma,4,"Nice dining option on Mysore road, especially in the surroundings of Anchepalya, Mysore road, where reasonably good eateries are very scarce. Service and serving time were reasonable. A bit expensive.",Neutral
Mohit Bansal,4,Good food. Portion size can be increased a bit.,Neutral
Grand Joseph,3,It's an ok ok place for family ...Food here is costly ..But there is a parlour near where you will get fresh juice and icecreams .clean area inside and outside ..crowded sometimes .Atm availability (SBM) .. beaverage outlet nearby ...,Neutral
Manoj Madhakari,1,It's good place for dinner,Neutral
Prateek Bhardwaj,4,"Good place to eat
Location is good
However ,only thing is some food items have time limit like dosas only till morning 11:30",Neutral
Manish Agarwal,5,It is one of the good hotel near IBS Bangalore. I like room and complementary breakfast served by the hotel.,Neutral
Anuj Valiya Rakkanchath,4,The restaurant was quite a good one...good food good service and good price...yes they could improve a bit on the hygene since there was one or two flies flying around...but otherwise it's a totally good place to have nice meal..üëç ‚Ä¶,Neutral
Uber Dost,1,"Worst ever they charge Rs 55 for Veg Palav andbit made with Dwpow rice, aslo I have take the Rava Idli and it is dry like yesterday's,plate also not clean, worst reply from the hotel Management..I don't why food authority not taking any action, I think they are taken Bribe",Neutral
AMRUTHA K,5,We always stop here on the way to Mysore for breakfast and ice cream. Ice cream is too good.,Neutral
ranjini r,5,One of the best hotels in Mysore road. Good quality food and best service. The most decent hotel with decent behaved waiters and employees.overall a good hotel to visit at Mysore road,Neutral
chandini r,4,We visited this place for breakfast on our way to uttarebeta trek.  Kindly book Ur table before you recahed this place and order the food .if you have a larger group which will save time and also get your packed lunch from.here,Neutral
ravindra kumawat,2,"Good well clean but bedbugs r there, no toiletries providing, bedsheets & towels r not white looks like very old n too much used.",Neutral
Ravi pqrs,5,Good quality food satisfying response well maintained,Positive
Deelassa Bansal,5,Their plain dosa with red chutney and the sambhar was absolutely amazing. The drive to the place is totally worth it too.,Neutral
JAYA PRASAD,5,"The food was absolutely wonderful, from preparation to presentation. Friendly service, great menu choices and really decent food and at affordable prices.",Neutral
avinash tomer,4,Pretty decent south indian thali while on the go from Bangalore to Mysore. Just the right quantity and variety but could have a more strong south indian flavour to it,Neutral
De Patil,5,"So good food, plz stop here if you are traveling to Mysore, non of the north restaurants are as good as this one.. kaju masala, veg biryani are too good...",Neutral
Sourabh Joshi,5,Best for breakfast! Great taste,Positive
Mokshitha Hair Studio,1,Food is good but staffs don't care customers even though waiting nd they will be gossiping with there friends nd we customer should do keep in calling them,Neutral
Kuldeep Kumar,5,"Nice place to live, u can expect a good sleep",Neutral
Vikas Veerapur,4,It's best know for North Indian and South Indian delicacies. Amazing taste and they always maintain the quality. Price is also very reasonable.,Neutral
Swaroop gaddipati,5,best  food and ultra fast service..,Neutral
Dhanasekar T,5,"Great place, Good housekeeping,  Polite Staffs..",Positive
Bhargava HS,4,Enough space for vehicle parking and you will get good and tasty food,Neutral
Darshan K. G,4,We just ordered some snacks and coffee. It was a good experience having it there and has a clean restrooms as well. Nice place for veggie lovers,Neutral
Sukhad Kulkarni,4,Decent price and quality of food. Good place to have a quick bite on the highway. Cleanliness and hygiene is good.,Neutral
Mohammed shuaib Ahmed s,5,Amazing taste of masala doosa and tea is very good,Neutral
KARTIK NADIGER,4,Best place to have some breakfast on long drive.,Neutral
Tibin George,5,"Delicious üòã food, price is not too high, good quality and the service is good ‚Ä¶",Neutral
Sanjay Anbarasan,4,Little costly with good food quality and service,Neutral
Sumit Ahlawat,4,Hotel is good but food is so so,Neutral
Sanjay N,5,Food is delicious. Authentic Udupi and North Indian food served by excellent staff.,Neutral
Thejus M,5,"I nice well maintained, hygiene Veg Restaurant, loved the food especially masala dosa , vada and coffee. Ample parking place nothing to worry of blocking the road",Neutral
Kumar Krishna,4,Good food. The hotel cloak rooms should be clean. They were not maintained neatly.,Neutral
Vishnu Patil,3,"Good , by increasing better service , it may increase customer satisfaction",Positive
Ajit Kumar,3,"It's location was convenient to me for it located just across the road in front of the SDM Institute of Ayurveda and Hospital.
Bit overpriced.",Neutral
mani p,3,Rate is little bit high. Taste also not expected,Neutral
Likith Mallesh,3,It is an super restaurant only that is they delay the orders. Rather than that it is a good rated restaurant in tje mysore highway,Neutral
Chetan D K,4,Went there for chats and juice counter ouside. Taste was good. Please make some space to sit and eat.,Neutral
Kishore Kumar P R,5,Friendly staff and quality of food is maintained from long time.,Neutral
Harshith THE GREAT,3,Nice food but xpensive,Neutral
Sachin M,5,"It's my favourite place to visit... No words about the service given to customers here....üòçüòç
I visit here regularly... It's really worth of money... Thank u..üòä
WUD VISIT AGAINüòÅ ‚Ä¶",Neutral
SS cm,5,Good north and south Indian vegetarian dishes. Gobi Manchurian is the best with optimum consistency. Pocket friendly.,Neutral
Subrata Nag,3,Stay is comfortable.Food is not good.,Neutral
NANDAKUMAR GANESAN,5,Nice place for vegetarian food. Little expensive but good quality.,Neutral
Madhuri Murthy,5,Nice tasty food at reasonable prices. I would love to visit again üòä ‚Ä¶,Neutral
Chinmayi Bhat,5,Nice place with enough parking space. Clean and tasty veg food. Will visit again.,Neutral
SudheerKumar Varala,3,"Service is quite late, taste wise I'll give average rating as I don't feel much delicious. But upma kesar is aswesome.",Neutral
Karthik TR,4,My go-to place for north Indian thali if in and around kengeri satellite town..service is good..,Neutral
Vijay Kumar,4,Very spacious n sufficient parking area. Qualty of food is good.,Neutral
Karthik Raje Urs,3,Tasty food with very expensive price.. interior is very ordinary... this could be an optional if you are traveling btw MYS to BLR... consider other hotel if you r concerned about Price...,Neutral
Sanaj Sunny,4,Bust options to have lunch or dinner after nice road area,Neutral
Abhisek Biswal,5,Food quality is good and the service they provide is also good.,Neutral
Sreedhara SS,1,"Please do not visit, as we went with family for dinner couple of times and food was very poor quality and full of potato with each dish and very bad experience.",Neutral
Sheela G,4,Good for South Indian varieties. Has both self service and service hall. Went there for breakfast and food was decent.,Neutral
Mahesh Nagaraj,1,Over priced. Good is never upto the mark of rates. For the price neither it is an AC restaurant nor a great ambience with good food.,Neutral
SUbbu Rama,5,"Verry clean and decent hotal...ad smilling faced waiter wellcoming to all .south and north food verry tasty,delicious..chates is soo tasteüçîüëç ‚Ä¶",Neutral
godavarma Ravi Varma,4,Good Stay. Good rooms with moderate cost.,Positive
Anup kubsad,4,"Very good taste, busy hotel.. tried south indian snacks n ice creams... Service is little hapazard..",Neutral
Adithi Rao,4,"Very nice place.
Good food,good people. Its open till 11 in the night. Handi biryani is a must try dish.. üòã ‚Ä¶",Neutral
Dilip Aggarwal,5,Nice stay and good staff,Positive
SundeepGowda Sp,1,"I have orderd mushroom beriyani, it is worst nt able to eat...",Neutral
Praveen Kumar Nambisan T M,5,"Room was clean and tidy, all the staffs were helpful.",Neutral
Abbilash Rao K,3,We had taken masala dosa.. The baji was not tasty at all. There was no salt in it. The service was also very bad,Neutral
Vishwajeet Singh,4,A good restaurant for the locality.I would recommend you to go with their traditional south Indian dishes.,Neutral
Ishwarakeerthi Bhat,3,Good place to eat. A bit costly andnot worth to your money. Nothing special. Same as other hotels.,Neutral
MOHAMMED RAFI,4,"Nice Food....
But Costly compare to Bangalore....",Neutral
Joshua,1,Simply waste of time and money,Neutral
Gajendra Stills,3,ok for veg foods,Neutral
Pradeep Prabhakaran,4,Good place for vegetarian food. South Indian meals and Paneer butter masala were good,Neutral
Rajeev Dharra,5,Very nice place to stay.,Neutral
ARNA DE,4,"Big rooms, polite staff, nice washroom, cabs easily available",Neutral
Pradeep Katariya,4,Good place to stay near bidadi,Neutral
arjun a,5,"Good food, taste, ambience, neatness and quick serve,  little costly compare to other",Neutral
Haja Sheriff,1,"Rats!
We were having breakfast and two big rats suddenly decided to enjoy breakfast with us!!  Avoid as there are enough restaurants which are better!",Neutral
Shreya Kulkarni,5,The panner butter masala over here is top of the world! I loved it sooo much!!,Neutral
Shiva Yogi,4,"Food is good here.
Service is fast.
Parking is generally available.
North Indian food would be the better choice",Neutral
Ankur Raiyani,4,"Nice food & service in reasonable price.
Specially 'vada' is very good, must try.",Neutral
MD SHOAIB KHAN,1,Manager was irrespectful he does not now the meaning of hospitality v r old customers but now its enough,Neutral
Raghavendra Krishnamurthy,4,Good food. Service is fast and excellent. Reasonable price.,Neutral
Dr Ayush Pandit,4,Neat and clean place..... Taste is very nice.... Prices are little bit more.,Neutral
Shah Minhal Fida,3,"good vegetarian restaurant but service needs improvement.
Takes time to get your orders.",Neutral
Bhuvan C,5,Very peaceful good food value for money,Positive
Harsha Sridharan,3,Okay food. Normal Udupi stuff. Service was prompt. Toilets clean and well maintained.,Neutral
Jason George,4,"Good place with quick service, lots of seating and good food. the dosas were a tad bit oily for our taste!",Neutral
Ravikiran K S,3,Nice place to have food with family. Taste wise I will give 3 out of 5,Neutral
SHAIK CHANBASHA,4,Very Good to stay...food is awesome but it's costlier. Very Good staff.,Neutral
Sanil chirackal,5,Very excellent restaurant Amble parking Tasty food past 3 years with school tour we usually go to same hotel.Staffs are very cordial and reasonable rates too,Neutral
Amit Shete,3,Average. but the best around the place,Neutral
Naresh Bhaktha,4,Good.... But serving takes little time... Dosa items will get only after 8:15am..,Neutral
Prathibha ‚ÄúAyursiree‚Äù Bhaskar,5,Best place to hv tea nd snack,Neutral
Vinodh Abraham,4,"Good room facilities, breakfast,service",Neutral
Raghu Kumble,4,Good restaurant to have breakfast on Mysore Highway.,Neutral
Kalyan peratla,4,Nice place. Tasty food. Reasonable rates. Coffee very good.,Neutral
Stephen Rodrigues,4,Very nice food and ambience. Service is also good,Neutral
kukkadapu nishanth,3,"Not a place worth for the cost of rooms, rooms are spacious, no toilatarries provided , AC works fine..",Neutral
Basavaraju KG,4,Good food available herr,Neutral
Swathi AKV,5,Tasty food good service dey also providing canteen service at Dharmasthala Manjunatheshwara Ayurveda hospital at a very affordable price,Neutral
Ajit Kumar,5,Very curtious service. Menu offers wide range of foods. Food served is tasty and satisfactory.,Neutral
bharathi bhimesh,2,"Cost is too much but the quantity is less , and service is too slow to deliver each item they take 10 to 15 mins",Neutral
shastry Santu,5,Super.. Taste....,Positive
Vasanth K,5,It's a very good hotel for healthy food. Good service. Rates are reasonable comparitively.,Neutral
Sinchan Mondal,5,"Nice food, affordable as well. Staff very well behaved and courteous",Positive
Sid Baliga,4,Sufficient parking space. Good food. Quick service. Quantity/variety in meals can be increased,Neutral
Shameer Ali,4,Nice south indian veg restaurant. Food is nice. Ample parking space. Clean restrooms.,Neutral
Abhishek H N,5,"Good vegetarian restaurant in Bangalore mysore road, u can feel refreshed after coming out of Bangalore's hectic traffic.",Neutral
aswin narikkuni,5,Ambience is good there ..service is also best.,Positive
Sheikh Khalid,5,Best place to have south indian meal,Neutral
Shyamala Abhyankar.p,4,Was nice,Positive
Shivakumar M,1,"Good food, nice and clean ambience,reasonable charges...worth visiting Hotel...",Positive
Swati Agarwal,3,"Had bhel , gupchup and ice cream. All were average in taste.",Neutral
Gorav Soni,5,"Nice tatste of food, south indian dishes ,tea, a  good sanitation, quick service and economical too a must visit restraunt.",Neutral
SherAli Sardar,5,Nice good at reasonable price. ALL dosas n Roti curry tastes best,Positive
Seetharama Nekkare,5,"Excellent!
Very Tasty Food, good service.reasonable price. Thank u...",Positive
Ravi Prabhakaran,4,Nice decent place.  Reasonable rates. Except for flies inside it's overall good.,Neutral
JASEER VALLIYAMBURATH,4,We had south indian thali and chilli paneer. All were tasty and reasonable price.,Neutral
Sreekandh Balakrishnan,4,Good South Indian food at a decent price.,Neutral
kulkarni pavanraj,5,It's nice food quality is good,Positive
shailesh matkar,5,"Nice food, good place, reasonable price, only veg",Neutral
shadab siddiqui,5,It's a very hygiene place food quality is very good must visit once,Neutral
Raghu Sethumadhavan,5,Best place for dining when you exit from nice road on to Mysore road. Excellent food üëå ‚Ä¶,Positive
Esmat Ullah Alishiryan,3,"Good Inn with clean rooms, but low WiFi signal for internet services. Thanks
21 October 2019",Neutral
Pragathi Hegde,5,Quick service......Taste is also good.Ambience is spacious.Food quality also good,Neutral
Alok Raj,1,"All Seats were dirty and cockroaches roaming around.
Idlis served at 5 PM was made in the morning üò† ‚Ä¶",Neutral
Krishnan Ramanathan,5,"Nice clean and Tasty food for Tiffin or Lunch
Good Serving",Positive
Information .us4,5,I love this place to eat blackcurrant ice cream so good in corner of the hotel,Neutral
pandey,5,"Good quality of food & sufficient . Very cheap
Regards
Pandey
Ayodhya u.p",Neutral
M Patil,4,"Good food, reasonable pricing, pure vegetarian, easy parking space",Neutral
Ganapathi Koppira,4,Very good service. Appreciate the gesture showcased. Can improve in taste of food,Neutral
Vinod Kamath,1,A hotel then charges Rs.38/- for a plate of idli that too in Bengaluru should I say anything more...,Neutral
Aabid Bijapur,3,Its a deluxe hotel with nice food menu and a juice center at the surrounding outside.... Lastly it's a good hotel with nice foodies...,Neutral
shekar A,4,Best hotel in Mysore road,Positive
MANJUNATHA SM SM,5,Very  nice veg hotel,Positive
Naveenkumar Chinde,4,Good chaats and ice cream. Its on costly side But restaurant nice for family .,Neutral
Trn Rao,3,"Quick service, quality food, not expensive, just cup of coffee is 30 bucks.....",Neutral
Prakrati Vidyarthi,5,Food is good. Authentic South Indian. Not too over priced.,Neutral
MITHIN,5,Food is very good and tasty,Neutral
karthik raj,4,Food taste is good.,Neutral
Nagashayana S,4,Stuck in Mysore road with family? Right place to have your lunch if u r not looking for a dhaba... Good food.. Nice taste..,Neutral
Jagjot Singh Lamba,5,It is a nice place to stay.,Neutral
Tharun Madhav,1,"Too expensive and mediocre taste. Priced the same as it's higher quality competitors, but under delivers in every aspect.",Neutral
Ramesh Hm,4,"Good place for dining out at Mysore road.always busy,clean,comfortable and tasty.",Neutral
Satheesh Prithviraj,4,Good food options. Moderate parking. Unhygienic restrooms. Nice one on this stretch though.,Neutral
Deepak Itkar,4,Food was good but not happy with the cleanliness. The glass was not clean to drink water. had to get bottled water.,Neutral
S I Salam pasha,2,Not better in the same lane kadamba veg is giving beautiful service and maintaining neatly.,Neutral
Nikhil G,5,Good quality tasty food. Highly recommended.,Positive
shayiq rashid,5,Honestly I haven't eaten food but softy is very good at fair price love this place,Positive
Ramesh Kt,5,Must try every Indian dishes. Good service,Neutral
Jephin Joy,3,"Spacious rooms, but toiletries not included. Breakfast coupons are of 100Rs. If we eat more we have to pay extra.",Neutral
ENGINEER INSTRUMENT,3,Chat items are good in this hotel but different price for  room service and chat shop,Neutral
Sukesh Machanuru,4,"Good food, good parking space",Positive
Chandan Rathore,5,They serve pure vegeterian food. Food was very delicious. Service was excellent and staff was courtious.,Neutral
Ramaswami Balasubramaniam,4,My usual place to stop when I am coming back from Bangalore to Mysore. Have had no complaints in all these years,Neutral
suchethan .B.S,5,"Loved it nice place for lunch I have been visiting this place, since years",Neutral
Sunil Nair,4,Good place for vegetarians. Tasty food. Decent staff.,Neutral
Dr.GOVIND Raj,5,Nice food available and above to it state bank is there.atm is also available at same location,Neutral
Aikya Naik,4,Ice creams are yam üòã.....and cost of food items are bit to high ...... people around are really friendly ‚Ä¶,Neutral
Salman Faris Pv,1,If you want a room here then you should book before a week!üòë ‚Ä¶,Neutral
Rashmi akki,4,very nice,Positive
Savi ‚ÄúSavi‚Äù P,4,Good for breakfast when on the way to Mysore ..  Good puri bhaji.,Neutral
RAHUL AGARWAL,3,Food was tasty. Service was fast. Rest rooms were neat.,Neutral
Dr. Ajaya Bharadwaja,3,Good place for quick bites,Neutral
Anand Desai,5,Very good food. We had south indian thali and it was great!,Neutral
Kumar bhosle Bhosle,5,Nyc hotel,Neutral
Shubham Maurya,5,"Awesome place to go with family, and very hygienic place to eat your food.",Neutral
CA Naamah R.,5,Best place to have breakfast. This is the immediate good hotel from Bangalore airport.,Neutral
Richanshi Kulshreshtha,4,"Food is good. Ambience is also good...
Washrooms r not well maintained.",Neutral
Mon Chatterjee,5,Fabulas hotel specially premium room,Neutral
Nilesh Shastri,5,Good food quality. Prompt service n clean place. Must stop from BLR to mysore,Neutral
Bikram Tapadar,2,Waiters are not good. Poor management.Food is manageable.,Neutral
Manu Ganesh,4,Good taste. Service and cleanliness also have improved a lot,Neutral
Anand Anil Babu,3,One of the good restaurants on that road that serve breakfast well.. Selection of items are poor though.,Neutral
hemanth kumar,3,"Quality is good
Taste would be much better if some salt & spices are there üòã ‚Ä¶",Neutral
Prakash Sirsi,4,"North Indian dishes were tasty
Dosa items not at all good.",Neutral
Abilash Menon,3,Pretty normal stuff. Nothing great over here.,Neutral
rahul wadkar,4,Quite good with maintained cleanliness,Neutral
nidhi nair,3,Place was quite crowded. Food quality was fine. Very spicy !!,Neutral
Shilpa Ajagond,4,Food is nice.. need to improve the ambience.  There is no AC section.,Neutral
karthik H B,5,North Indian food taste is really nice,Neutral
amar nath chatterjee,2,Food taste not up to standard ... bonda soup is somewhat tasty . North Indian food is horrible.,Neutral
Abhinav Bhushan,4,Good hotel. A bit costly although but rooms are good and spacious,Neutral
Brahm Dev Tiwari,4,Only veg food and price is a bit high.,Neutral
Shriram J,5,Good sitting capacity. Ample car parking. Clean bathrooms. Overall good,Positive
Naveen Kumar.K.N.,5,Tasty food. One of the best restaurants I've ever visited.,Neutral
Sharma Kabbur,3,Food was not that good. Don‚Äôt ask for breakfast items in afternoon,Neutral
Vinay Narayana Swamy,4,Good place for breakfast on Bangalore Mysore road.  Courteous staff and decent food,Neutral
arun kumar,3,Some food is testy but not all. And maintenance and cleanness of the hotel is not so good,Neutral
Neelesh . J,4,Decent taste good parking space and over good service.,Neutral
ananthu aravind,4,a nice veg restaurant with great facilities and parking space and also has a separate ice cream and juice shop,Neutral
Rakesh Shetty,5,Awesome food.....once visit here to have a royal taste,Neutral
TAXI FOR YOU Tour's & Travel,5,Very good service quality foods,Neutral
Tenzin Tendar,5,South India food is the great. Every time I felt like luxury when I had South food.,Neutral
Jujjuri Chakradhar,3,A Little bit Expensive but nt that much worthy.,Neutral
Suresh D K,5,"Clean and tasty foods available at reasonable price, Restrooms are good",Neutral
mukesh,5,Excellent food. Pure veg. You will love it. I did.,Neutral
Sreerama Chandran,4,Neat & tasty food .....& good service affordable,Neutral
Astro Guide Mysore,2,Very expensive to the standard of food served. For ex. A plate of Idli and Vada costs Rs.70.,Neutral
Manasa Raman,5,Good  customer service.. food taste is moderate and good..,Neutral
mayur bandiwadekar,5,Nice food and good service staff,Positive
goutham karakavalasa,5,I live this place. Food is bit expensive but resonable than other restaurants on Mysore Road,Neutral
anup goel,1,Bad good. Good parking. Excellent paan shop outside.,Positive
Zabeer Pasha,4,Must try Ice-cream here tasty and costs less.,Neutral
Vineeth Menon,3,Tasty good but bloody expensive,Negative
wajid Khan,5,Nice,Positive
Vasisht Subramanian,4,"Great food.. great seating.. agreeable rates..
Not recommended for daily visit..",Positive
Saga c k,5,"Best restaurant and rooms, food,  is Good.. Cool place üôÉ ‚Ä¶",Positive
Adarsh S,4,Fair enough but a little costly... But good quality food available,Neutral
Pruthvi S,3,One among Over priced restuarents... taste is good but not good for wallets,Neutral
Santhosh Kulal,5,Veery. good. items.,Positive
Sandhya SN,5,Good food middle class are comfortable with quality and quantity.,Neutral
Dr. Murthy SVN,4,Good food n good taste. Little costlier.,Positive
Vijay Kumar,4,"Good food.
Only suggestion is please keep the restrooms clean.",Positive
MD.IRFAN Uddin,3,"Good hotel, expensive though.",Neutral
vidyananda shetty,4,Food was okay,Neutral
Divya sri,5,Rooms r cleaned. Food was delicious and friendly staff,Neutral
huo3 gaming 2,3,Good food is tasty service is also good,Neutral
Jiten Panda,4,I found it as a nice place during my Bangalore to Hyderabad and reverse road trip.,Neutral
Arup Paul,1,"As per the hotel standard room rent should be within Rs.1000/-
It's a non standard hotel , only local veg foods are available , no complementary  breakfast system,. They are telling that breakfast are complementary but actually , you will get a food of Rs.50/-.in breakfast.",Neutral
Manish Tanwar,5,"Best vegetarian place, must try butter masala Dosa.",Neutral
Noyal Sebastian,4,It's a pure veg A/c hotel. All veg puples around kengeri refer srinidhi for party orders.,Neutral
Gautham s,4,"Nice ambiance, location of motel is near to panambur beach so.. Ease of access..",Neutral
Naveen N,5,"Best hotel on Mysore Bangalore highway
Very tasty food
Little bit costly",Neutral
Asma Hamza,4,Good food and service.clean toilet.parking facility sufficient,Neutral
Sathya Vrath,4,Good food. Quick service. Decent restrooms.,Neutral
Vinod Kumar,5,"Very good dine and dwell place, good bonda soup and Dosa, meals too",Neutral
Niranjan U,4,Very good service,Positive
Yajaman,1,"Does not give Sambar parcel, hence I rate this restaurant single star even though Sambar is good",Neutral
Manohar Prabhu,4,"Nice place to eat, clean, But service is slow.",Neutral
My Mithwa,4,Superb coffee.... Good quality n service... Normal with taste n recipe,Neutral
Dr. Rilvin Alen Abraham,4,An amazing veg restaurant on Mysore Road. Sometimes an Adda for Breakfast for those who are traveling from Blore to Mysore.,Neutral
Vinayak Joshi,4,South Indian Food is good.Lodging and boarding also available,Neutral
manoj jain,5,Good veg restaurant on the highway to Mysore road ..,Neutral
Shonen Gonsalves,4,Had a nice breakfast. Good service. Clean toilets..,Positive
Ratikant Rautra,4,"On Mysore road this is the best vegetarian hotel among other veg hotel,affordable and tasty food.",Neutral
Nishit Hirani,4,Decent south indian food,Neutral
Prasad Lakmoji,5,Clean and hygiene food... South Indian meals is too good,Neutral
raveendranathan k,2,Very costly non AC restaurant charged RS 30/ for tea don't ask abt other items,Neutral
Anusree S Nambiar,5,Good service and ambience. Tasty food.,Neutral
Nelson Pj,4,Nice place ..tasty masala dosa and vada....,Neutral
Lalit Sharma,3,It has an average taste but you get quick service,Neutral
Sharan Thangaraju,3,"Nice ambience n service
But average food",Neutral
Raghavendra Joshi,5,Best south indian food available at decent price,Neutral
Rahul Kumar,4,"Nice place. Good idli and vada.

Coffee can be better",Positive
Sushmita,3,Pure South-Indian veg restaurant. If you like such places. Do visit üòÖ ‚Ä¶,Neutral
jaleed ashai,3,"This place is not at all meticulous
Presentation was bad
Taste was tolerable /kaamchalawoo ‚Ä¶",Neutral
Laljith Sharma,4,"Good and neat place, staff people we're polite with the customers.",Neutral
C Arun Balaji,4,Good,Positive
Mahesh Kumar,4,Good place to eat,Neutral
Bidish Mukhopadhyay,4,Completely Veg food. Quality of food is good. Lodging is decent.,Neutral
Nithin M,4,Nice one wont forget,Positive
Pavithra Johnpeter,5,Nice,Positive
Bharath siddaraju,4,"Good on Mysore Road.
Good service, Good menu list.
Overall 4star rated Restaurant.",Neutral
S K Misra,3,Food is very decent and service is excellent.,Neutral
Muhammad Shibil B R,4,Nice place for travelers,Neutral
Karthik Subramani,5,Good service and food quality is good.,Positive
Ashish Mani Kurian,5,"Very tasty and hygienic food,Good service",Neutral
RANJITH KARAYAPPATH,5,Good place to dine,Neutral
mahesh kumar,5,Staff was very good,Positive
Gopakumar S,3,"The people not much caring the guest, they behave like very busy.we need toremind them for every thing",Neutral
Raghu Ram,5,Heard good about it.. Liked it,Positive
Gururaja A,1,None of the servers will not respond properly and they are least bothered about the newly came customers. They will keep on asking the customers who are already there.,Neutral
Nagarajan Venkateswaran,3,Nice way by eating joint for tiffin and meals in Bangalore Mysore highway,Neutral
Arpit Rathi,3,Very costly as compared to a local udupi. Food quality is ok.,Neutral
Venkat Sudheer,5,South Indian meals is gud...reasonable pricing...great taste,Neutral
Tech DEEM,5,"Very tasty food, recommend for lunch & dinner .",Neutral
Nalini Manokaran,5,"Super, luxurious hotel",Positive
Mansi Bharali,5,The ghee roast extra crispy dosa is a must try!,Neutral
Anoop N,3,Meal is average. North indian dishes tastes better.,Neutral
Harshit Doshi,4,Good place for an inexpensive meal for college students who happen to be vegetarian.,Neutral
Akarsh G,3,"Taste was good, but the service by the staff was bad...",Neutral
Deepak kempasiddaiah,3,"Taste is good, service provided not up to the mark",Neutral
Kameswara Rao BB,4,Good and near to City,Neutral
Sandesh,3,A decent meal giving restaurant.. a average ambiance and a fast service,Neutral
Adithya Bairi,4,Clean Restaurant. Food also tasty.. Reasonable pricing..,Neutral
Naeem Rehman,4,The North Indian thali was good I like the name of deserts in the menu,Neutral
Vasavi Medicals (VASAVI MEDICALS),5,"Nice food very hygienic service slow, weekend also same problem",Neutral
kotresh km,4,Quality good food and lot of sitting space for parties treat,Positive
Prachi B Bhatia,4,Great coffee.. food is served hot and served quickly.,Neutral
Santosh kumar.N,5,Tasty food..Reasonable price good,Neutral
Kamalnath Muthukrishna,5,Shrinidhi sagar good taste of onion dosa coffee excellent.,Neutral
Vinay Chandra.P,4,"Good Restaurant in the way to Mysore  for evening snacks...!!!
Bonda-Soup was very tasty",Neutral
Sangeetha HM,5,My all time favorite hotel for having veg food.,Neutral
Rohit Jaiswal,2,Staff is not good they should be more customer friendly and they should be more careful for babies,Neutral
Yashas Dg,4,"Try buttermilk
masala majjige is superb",Neutral
Syedtauheed Syed tauheed,5,Good,Positive
Shazam As,5,My mum and my bro had north India meal. They loved it.,Neutral
Sunitha Manjunath,3,"Good food, but washroom maintenance is poor.",Neutral
naveen r,5,"Good Taste
Pure karnataka style
Have great varieties.",Positive
DSairtech,4,Oood place to stay,Neutral
Prashanth_ Ram,3,Good place to dine in,Neutral
Deepak K,3,Too costly as it's on highway. Not worthy for the food served,Neutral
Kuldeep Rawat,2,Its ok kind of hotel,Neutral
harsha r Rajashekar,5,Good service & especially chats are superb,Positive
Rupa Shaw,3,Food z good service is very poor..,Neutral
SATHISH KUMAR C,4,Good taste and rooms also well equipped good service,Positive
msram TP,4,Nice food. But little expensive,Neutral
dhanush sai,4,"Good ambiance, clean good food and service, loved it!!",Positive
Lifestyle Alignment,3,Cool restaurant in this area reasonable price for the quality of food,Neutral
Ganesh S,2,Too much for all food and chat price,Neutral
Abrar Ahmed,5,"Had a dinner and a lunch at this restaurant, very good and neat!",Neutral
Neha Singh,5,Best for North indian food,Positive
Sachin S B,3,Good food but rates are little high,Neutral
Irfan Ahmeds,4,Good service and food very hygienic,Neutral
Affan Ahmed,4,"Quick service, best food around this place.",Neutral
Chinmay Hegde,4,Very good quality food,Positive
Subramani Sambasivan,3,"Taste was good before price increase, now after increasing price , taste and quality is bad.",Neutral
Jayant Tanwar,4,Great place to eat and talk.,Neutral
ashwin hg,3,Clean and Good,Positive
anand pal,4,Very nice place to eat very good  food in Bangaluru,Neutral
Vinoth Elumalai,1,Lot of blood bugs don't stay there,Neutral
Sanjay,3,Good and fairly costly,Positive
Srinidhifast food,5,My favorite hotel ever ü•∞ ‚Ä¶,Positive
Manesh Kumar,4,"Good food and service, parking area is not so big, moderately costly..",Neutral
pradi gowda,4,Good but it is too expensive,Neutral
Asian Agro Foods,4,Good vegetarian Hotel. North indian meals is Good,Neutral
Sharma Creation,5,Best service and food test also good,Positive
Prabhu G.S,4,Food is very and reasonable price also.,Neutral
abhinav r,5,"Good taste, pretty clean. Good option to try",Positive
Hafeesh Fazulu Rahman,4,Deluxe veg restaurant. ... good... spacious.... clean rest rooms...,Neutral
MAHFOOZUR RAHMAN,4,It's better for family dinner in.,Neutral
Abhishek Jain,3,Good for coffee and snacks. Not very sure about lunch and dinner.,Neutral
Nagaraj Manoli,5,Food is tasty and would recommend for all.,Neutral
vijay kumar,5,Awesome food. Very neat and tasty.,Positive
Ankith S Vaidya,2,Not a good place,Neutral
arun r,5,Nice hotel at reasonable price and vood staff,Neutral
Kuldeep Rautela,1,"Very bad service , all the staff member argue with u, starting from parking till bill payment.",Neutral
Nagarjunan Dhayalan,4,Went to have breakfast on the way to wonderla. It's nice and silent,Neutral
Sanil Kumar,4,Good vegetarian food. Simple tasty breakfast,Neutral
Deepti Kulkarni,5,"Everything super.....taste,rates,quick serving, ambience etc etc",Neutral
pankaj malakar,5,Very neat place and food are delicious,Positive
Mallasarj Sulebhanvi,1,"Unreposive staff, cant even provide water on time...very bad service...",Neutral
Mahesh Kumar,4,Order processing should be more quick,Neutral
Vivek Pandey,5,Okay,Positive
Shridevi Das,4,Good food..roti and masala puri..,Neutral
Ritz Cool,3,Good lodge to stay when there is no other choise but its ok to stay,Neutral
Madhumitha Rade,3,It's a place with decent ambience and food in this locality.,Neutral
Ramaprasad B S,4,"Food is  good  and tasty.
Courtuous  service.",Neutral
batepet chandrashekar Hari prakaash,4,Good food and reasonable price,Neutral
SRIVATSA BEGUR RAMACHANDRA RAO,4,I had poori and saagu.  It was very tasty and filling.,Neutral
Jagadeesh DM (jaG),4,Less crowd decent place for a south indian brakfast,Neutral
Prajwal Praju,2,Good for Only south indian dishes,Neutral
Naveen Kumar,5,Very good service,Positive
Srikanteswara N,4,"Just beside state highway Mysore - Bangalore road, easy transportation",Neutral
Dr. Ananth,2,Good service good taste. Parking of cars space,Neutral
Md Faishal,4,It's not so good and food quality is bad,Neutral
rahil ghori,4,Good place on the highway for the refreshment with some fresh juices ü•§ ‚Ä¶,Neutral
vinay b,4,good vegetarian  restaurant  and  south india food is absolutely food,Neutral
Theresh B n,5,Good food test well service clean maintained,Positive
Arun Chaitanya,5,"Good ambience, tasty food, good staff",Positive
Anjali Prajapati,4,Super place for chats,Positive
Sri Manjunatha,5,Super place and decent culture,Neutral
Ishrath Rahman,5,Ambience...food . . service.....all are very good,Neutral
Soji Jacob,2,Noisy surroundings. Ignorant waiters.,Negative
RAJEEV RAMADAS PAI,5,Good food at reasonable price,Neutral
Shou Min Tan,3,Good place for South Indian veg breakfast on the way to Mysore.,Neutral
spoorthi mohan,4,Good taste n ambience is well maintained,Positive
Santosh S,5,Best place for refreshing....,Positive
vaibhav k,5,Good hotel for South indian regular nasta,Neutral
Swarup kumar Mitra,5,"Nice place , nice food &nice service",Positive
Siddharth Srivastava,3,"nice place, good food and ample parking",Positive
Antara Bhaduri,5,Try out their rawa dosa.  Amazing taste.,Neutral
SHAMANTH,3,"Not so good place, waiters will be starting at you.. Feels irritated..",Neutral
Hari Doss,4,Nice quick stopover for a South indian tindi or oota.,Neutral
Mujahid Pasha,3,Most expensive than ot looks,Neutral
yallappa sk,5,"Ac Rooms, very comfortable",Positive
Kamala Prasanna,4,"Ambience is good, but quality of food can be improved",Neutral
Karthikeyan Muniraj,4,Hospitality is good. Food taste is ok.,Neutral
Vinay Rajpurohit,5,Tasty food and always would like to visit this place.,Neutral
Vinod Kurli,3,Its quiet good hotel before you head towards mysore.,Neutral
kishore kumar Banda,4,Good food at reasonable price,Neutral
msr technologies,1,Morning breakfast I was not Good.,Neutral
SRINATH Astrologer ACHARYA Bindumadhavachar,4,Costly prices....35/- coffee taste good ok,Positive
Chethan Verma,5,One of the best on Mysore road near Kengeri. Totally worth it.,Neutral
vinod kumar,5,"Wide varieties of veg food. On the highway, easily noticable.",Neutral
Saura Jyoti Tripathy,5,"Great to tasty food, ample parking space...",Neutral
Sid Gaikwad,2,Good hotel only for south indian snacks,Neutral
azeem sadik,5,Good service and quality foos,Neutral
Pralhad Kulkarni (Pralhad),5,A good option for South indian quick bites,Neutral
Br,3,Good sevice hygienic place tasty food,Neutral
B S SURESH RAJU,5,"Very nice ambience
Very Good taste",Positive
Swami Rajamani,2,"While the service was good, few had severe stomach flu",Neutral
Aman Garg,4,Best north indian food in southern india,Neutral
NAGENDRA PRASAD,3,Costly but neat.,Positive
brijender k,4,Had neer dosa chatni was really good,Neutral
Shilpa Kutty,4,Good food,Positive
Chandan b e,1,They need to work on improving taste.not upto standard,Neutral
Ragavendra HS,5,Very Good Food and Service,Neutral
Santhosh M,5,Best hotel with delicious food and best service.,Positive
Suryakant Suri,5,Super fast work,Positive
Chandramouli Bellur,4,Good restaurant on mysore high way,Neutral
Arshad Ahmed,4,"Nice ambience, good food.",Positive
Manju Bhargava,4,"High rate,but food was tasty",Neutral
SAMPATH Sampath,5,Also fine quality,Neutral
ritz power,1,Not worth for the price ... better opt for kadamba 5mins before this,Neutral
vimaleshb naik,5,Nice food.. great mentenence,Positive
Rajiv Mohan Rao,4,Good morning breakfast! Spacious! Good service!,Positive
Puneet Jain,1,Not up to mark service and taste. I won't go again in future.,Neutral
Akshay kumar.m,5,"Good place for vegetrains in myosre road nearer to nice road,",Neutral
Arun Bhough,4,"Good food and service, must visit.",Neutral
kandukuri sunil,1,Worst Food,Extreme
Anuprasad K D,4,Quality food..  Value for money.,Neutral
Krishna Gumaste,4,Good and quality food. üëç ‚Ä¶,Neutral
Nagaraja Malipatil,5,It's neat and service and food also good,Neutral
Arpita Sharma,4,Veg and better than toad side restaurant s,Neutral
Adipti Chakraborty,5,Awesome. Loved it always,Positive
ajay amulbaby,4,Interior is too gud. Food is also very gud,Neutral
Waseem Akram,5,Good service,Positive
Dinesh Gupta,3,V good south Indian preparation and good quantity too,Neutral
girish gg,3,Service is bad,Negative
Krishna Kumar,1,Service is not at all good they won't care the customers,Neutral
Sathish K,4,Tasty food,Neutral
Nagachanda Hegde,3,Food is good.. service need to improve.,Positive
Basheer. M,5,Very nice and tasty food,Neutral
Thangamuthu Mathan,5,Nice hotel,Positive
manju gowni,5,Good food and taste service,Neutral
Sampath Reddy,4,Good food.. clean floor..thank you,Positive
Manjunath M P,2,Service was not great. Food was just ok,Neutral
Guru Ranganath,4,Good food but cards not accepted,Neutral
RASEEL U,4,Good restaurant for South Indian meals on Mysore road,Neutral
Jagannatha C,5,Gud food Quality and Gud Service...,Neutral
SHANKAR KUMAR,1,Very worsty food I ever eat In Mysore road,Neutral
Arvind Rangan,4,A clean and quick service even on peak hour weekends.,Neutral
NITESH PRASAD,4,Ok taste not so good not so bad.,Positive
Ashokkumar Sarasa,5,Good n fast service. Food is excellent,Positive
Anand S,4,South Indian spicy food good tasty,Neutral
Srikant,3,Decent food with reasonable prices,Neutral
VIJAY baag,4,Good for South Indian dishes and meals.,Neutral
K Ram Mohan Rao,4,"OK,  Good enough to enjoy decent breakfast",Positive
Mohammed Shaik Shuaib,2,Good enough for a quick meal,Neutral
Rajananda Bk,3,Still need to improve taste and quality of preparation,Neutral
Avinash Patil,4,Good taste of south indian breakfast,Neutral
SHAILENDRA KUMAR MANGAL,5,Tasty north indian food..loved it,Neutral
Sathish Melige,5,Superb taste and full marks for the ambience,Neutral
Shivaganesh,5,Good place,Positive
Aditya Kushwaha,4,Good vegetarian foods available at reasonable rate,Neutral
Dr.Girish Aradhya,1,Never come here........the worst restaurant.....staff are the worst of the third order,Neutral
Jayaram Manjunatha sastry,4,Good ambience,Positive
aron stone,4,The places is good and hygienic.,Neutral
Inamul Hasan,4,Veg hotel nice vegetarian foods are available..,Neutral
Amruth Kumar,5,"Tasty food,at reasonable price",Neutral
vimal sethia,3,On Mysore road Bangalore a good restaurant for breakfast and lunch,Neutral
Imambasha H,5,Superb for veg,Positive
Adnan Aquil,5,Good place,Positive
Nikhil n a,4,Tasty Food. One of the good restaurent in Mysore Road.,Neutral
Abu Sufiyan,3,Good place for veg and juice and ice,Neutral
Castiel,2,Food items not available which are in menu.We have to select from what they say available,Neutral
srinivas murthy,1,"Very bad serve, taking half an hour for serve the food.",Neutral
shiva kumar Reddy,5,Good and clean,Positive
Chandan Kulkarni,5,Good food. Reasonable rates,Neutral
bala krishnan,4,Costly but ok,Positive
santosh kulkarni,2,"Butter milk is very costly.
Recently raised rates.",Neutral
jayanthy sreenivasulu setty,2,Nice breakfast but beverages are very costly,Neutral
Arjun M,5,Awesome place !,Positive
Kiran shetty,2,It was good though but lot can be improved,Neutral
Rakesh MC,3,It's k for medium budget,Neutral
akshay gowda,4,Good food and good taste,Positive
Manohar Paralkar,4,Good food n fast service.,Neutral
Smriti Parihar,4,I liked dosa here,Neutral
suhas morey,4,Good rooms,Positive
Xavier Selvam,4,Food is good and fast service,Neutral
Sudhir Raj,5,Been there with family for breakfast all are upto mark,Neutral
VLN Simha,4,It is a cozy place though it is not a very big place.,Neutral
Syed Tamim,1,"Check the bill compulsorily , they may charge excess",Neutral
Hithesh Patel,5,Good place,Positive
Shubha c,5,Little expensive but tastes really good,Neutral
Naveen Kumar,5,Good good,Positive
Sampath Kumar,1,Food is ok not very good,Neutral
Manigandavelu Partheepan,5,Best experience,Positive
ravindra J,5,Real good veg restaurant on Mysore road.,Neutral
Dhanush R,4,One of the better hotels in this stretch after kengeri,Neutral
YASIN BAGWAN Yasin,5,Very testy food and one of best restaurants,Neutral
Faraz Saqlain,4,Best tea on Highway,Positive
Kunal Patel,3,Good place to have food. Looks clean.,Positive
Godwin George,5,**Tasty + Cozy + Hygiene**,Neutral
bharath raj,5,Good food n service,Neutral
sunil k,4,"Good Ambience, neat & tidy, good vegetarian food",Positive
Prashanth Rao,5,The only best Veg Hotel Outskirts Mysore Road,Neutral
Prasad Doddaballapur,5,Nice food good service,Positive
Harsha K,5,Little bit costly,Neutral
Mariyan Mani,5,Very nice restaurant,Positive
Manjunath Kallapur,5,Good place to have food on the way to Mysore,Neutral
RAJU BP,3,"Quality food available, south and North food also.",Neutral
Amit Shirodkar,5,Tasty food..Good staff,Neutral
savand ks,4,Good hotel on bangalore mysore highway,Neutral
Hemant Kshirsagar,4,Nice food good service,Positive
Pooja K,2,"Taste is good ,but quite costly",Neutral
Pullavarthisaikiran sai kiran,3,Too high price,Neutral
AMARNATH BR,3,Expensive for the quality offered,Neutral
sindhu shree,5,Food is heavenly and delicious,Positive
naveen dasar,5,Good for family,Positive
Avinav Sharma,5,Nice and clean,Positive
Sanjay Goud,3,Decent for a quick bite,Neutral
GANESH S NAGANUR Naganur,5,Super taste & good sarvice totally super,Positive
charan vasuki,2,Not recommend. No taste at all.,Neutral
Vicky pareek,5,Good food good quality,Positive
keerthi kumar,5,Tasty food at reasonable price,Neutral
Sneha Ramesh,4,Taste is gud,Neutral
Usman Ali M I,5,Good experiences,Positive
pseudonss,5,Good service,Positive
manasi varde,4,"Decent place
Quick service
Polite staff",Neutral
Moumita Dey,3,Costly as per the food taste.,Neutral
Rakshith Kumar,1,High rate..worst hotel I ever visited,Neutral
sk.santosh Kumar,5,One of the best coffee which I have tasted,Neutral
joshi kunnamthudy,3,Did not like the food. Too spicey,Neutral
Prakash Babu,3,Decent food with fair prices,Neutral
Rajath Bhajanehatty,5,Expensive but great food,Positive
Ravishankar R,3,Breakfast ok... but coffee average,Neutral
Rafik Shivji,5,Great place for South Indian snacks,Neutral
Abhishek V,4,Food is good for given price,Neutral
shreenath b,5,Good place for vegetarians service was good,Positive
Tejaswi Nayaka,4,Not giving food drivers,Neutral
Jayaprakash jp,4,Good food but expensive for a sagar,Neutral
Aroma Suman,5,Best south Indian food. üòçüòç ‚Ä¶,Positive
Krishnakumar Natarajan,4,Good food. Quick service,Neutral
Astrologer Dr.h.c Shri. Chithrabhanu k Poduval,5,Nice place to have thali,Neutral
Geeta Ramprasad,5,We love the food and services there!üëåüëå ‚Ä¶,Positive
Puspa K,4,South Indian meal and Oyo room are also available,Neutral
Meri Jaaan JB,4,Good service. Nice taste,Positive
Yashaswini K.N.,5,Nice food...well served‚ò∫,Positive
Uma Rawat,3,It's ok to have south Indian breakfast...,Neutral
shankar kumar,5,Food quality is good...,Neutral
Natya Taranga - Veena Gangadhar c,4,"Yummy food, calm place",Positive
Muhammad Awaiz,5,Awesome varieties of ice cream tastes,Neutral
sudhir singh,4,Great taste of North Indian food,Neutral
Sunil Dash,5,Bit costly..But teast food,Neutral
Vijay Arora,5,"Good place to stay, eat, relAx with family",Neutral
Arun Kottolli,3,Nice South Indian fast food.,Neutral
Pallavi Rao,4,Nice ambience with good quality food,Positive
Karthikeyan P,5,Good service,Positive
Rushi Solanki (Rishi),4,Nice service,Positive
Madhavan Perumal,4,Good food and fast service,Neutral
Sumod Menon,4,No AC available,Negative
sesetty suresh,3,Good,Positive
Sajeev Krishnankutty,5,Good food.. good service.,Positive
Richard Brijesh,4,Vegetarian hotel know for dosa's,Neutral
Jalihal anantharao shrihari,4,Reasonable prices in the hotel,Neutral
naveen jaldu,4,NYC place to eat but cost is little bit high,Neutral
vinayak hegde,4,Nice place to have family lunch or dinner,Neutral
Salam Pasha,1,Worst manager behavior towards customer service.,Neutral
Rahul Barik,5,Nice food and hygienic,Neutral
Vedaant Kuchhal,3,Decent food and quick service.,Neutral
Thirumalesh V,5,Good food hygenic,Positive
Mirza Vaseem,1,Caught food infection after eating poori here..,Neutral
Nandish,5,One of best hotel in bengaluru outskirt,Neutral
srikant st,4,My favorite @ my nearby hotel among,Neutral
krishna raj,5,Very good,Positive
mahalingappa h,5,Super food quality...,Positive
Kiran Gani,1,Waiters don't have behaving sense,Neutral
Ranganath H C,5,"Tastes are good, but bit castle",Neutral
Kamalakannan T,3,Good ambience with tasty food.....,Neutral
Biswaroop Gohain Baruah,4,Tasty food.. Clean environment,Neutral
Aditya Shyama,5,Excellent food and great service,Positive
Anant Nimje,3,Neat and clean place with delicious food,Positive
Sumanth N R,4,Very tasty food...,Neutral
Anup Goel,2,Run down with shoddy parking,Neutral
Hirensinh Kamaliya,2,Jain test not good compare with udupi,Neutral
Prasannakumar S,2,Food served was of poor quality,Neutral
Neelpawan Biradar,5,Tasty n reasonable food...,Neutral
Tanveer Ahmed,5,Awesome food and ambience,Positive
Suhana Shaik,3,Survivable. Not the best tho,Neutral
sahana ajax,3,Good for North Indian dishes,Neutral
Roshan G.R,5,Nice food and ambience..,Neutral
Mohd. Rashid Ali,5,It's too good restaurant,Neutral
Tejos,4,Fresh breakfast..and tasty too,Neutral
Chandrapaa As,1,Very unfriendly staff. Not very higene,Neutral
Ragavendra Kulal,5,food quality is super,Positive
Benny Anthony,5,Good taste. Best service,Positive
Nandakishore Ar,5,good food,Positive
Teju Muralidharan,4,"Food:4.5
Ambience: 3",Neutral
Lakshman Bala,3,Expensive..food is ok,Positive
karthikeyan muthu,4,Tasty south Indian and Chinese food,Neutral
Harshavardhan Shinde (Harshavardhan),4,Quite cosy,Neutral
Son of God,1,Very costly,Extreme
Karthik M,5,Good theatre.But a bit uncomfortable,Neutral
Vinay DC,4,Good place for south indian cuisine,Neutral
Munna Prajapati police agent,3,My favourite hotel srinidhi Sagar,Neutral
Balaji Iyengar,5,Very Good authentic hotel,Positive
Prasad PLV,5,Nice quality food,Positive
An Upadhaya,5,Good food and great service,Positive
Veni Krishna,4,Overall food is good.,Neutral
Kiran Yadav,3,Chef keep on changing. Can't judge,Neutral
Swetha Vijay,5,Tasty and pocket friendly,Positive
arun kumar,4,Not bad,Positive
Aditya Yeluru,5,"Tasty food, great service",Positive
vidya ks,5,"Good in taste, good service, good response",Positive
Vithal Kulkarni,3,Tasty food. Decent ambience.,Neutral
Avishek Neogi,2,Just about Ok.,Neutral
Kr mool Singh,5,Hitel was good and  the facilities were good ....,Neutral
Prabhudev C K,5,Super taste and quality,Positive
Girish Panduranga,4,Value for money & good taste,Positive
Sandesh Jadav,2,Not good,Negative
Lakshman Kumar,5,North Indian meals is awesome,Positive
Geetha Flyhigh,2,Not bad.,Positive
Rohith Makoro,4,Mushroom chilli is too good!,Neutral
Sreekanth Thekke Veetil,4,Good place for food.,Neutral
Harsha Krishna,5,"Superb ...
Food,service,facilities etc ..",Positive
Mlumashankar Mlumashankar,4,Very good clean also,Positive
Sagar DV,3,Entry and parking area is not good,Neutral
Cmouli BAChandramouli,4,Good sarves good quality thanks,Positive
Vijeth Bharadwaj,5,Good food and service,Neutral
Tanu B,5,Very tasty food,Neutral
harsha nagaraj,4,Speedy service and amazing meals!,Positive
santosh kumar,5,Nice food,Positive
Sujan Kevala,2,Expensive yet not tasty,Neutral
Sarfaraz Shaikh,5,The Onion Rawa Dosa is to die for.,Neutral
JJ TOM,1,Taking way too much time for serving,Neutral
Rajath N.J.,3,Ok ish,Positive
Nagesh Nagesh,5,Just I loved the food,Neutral
ismail zabi,5,It's so good at the Mysore road,Neutral
Geo Jacob,5,Very good ambience and food,Neutral
Aggit Kurian,5,"Calm and quiet,  relaxing mood üòä ‚Ä¶",Positive
Sharath Chandramouli,5,Tasty food. Quick service.,Neutral
atar yaseer,4,Reasonable and good food,Neutral
Sunil Mashalkar,4,Quick service,Neutral
ADITHI BHAT,4,Very good restaurant for veggies,Neutral
Aboobacker P,4,Friendly staff,Positive
Keshav Kulkarni,3,Quality of food is average !!,Neutral
mohan mona,1,Now a days poor in taste,Neutral
Shah Shiraz,4,Good place for a stop on the way to Mysore.,Neutral
Supriya Sandilya,3,Fast service tasty food,Neutral
Sameer Shringarpure,2,90% of the items on menu not available,Neutral
Hemanth Naik,4,Good food and seatings...,Neutral
Umesh Hegde,3,It's OK üëå not too much ‚Ä¶,Positive
Ravi Kumar,5,Quality quantity and hospitality,Neutral
sreenivasan kudiyanur ramaiyengar,5,Excellent vegetarian Hotel.,Positive
Heena Kousar,5,Good,Positive
Kalleshkumar Kalleshkumar,4,Super taste nice,Positive
Barani Kumar,3,Good interiors,Positive
ANIRUDDHA HORE,5,Nice,Positive
Yohan Kotian,4,Good...,Positive
supriya janthe,5,Best for every age group,Positive
Abhaykumar Parappanavar,5,Nice place for veg food,Neutral
TRISHUL PATIL,1,No nuts at all in chocolate milkshake with nuts,Neutral
Senthil Kumar,4,North Indian best food,Positive
Santosh kumar Nayak,5,Good place for small parties,Positive
Manjunatha B,3,Late service and price is also more.,Neutral
Sreelakshmi SD,4,Delicious food will available,Positive
PRAVEEN KUMAR,4,"Good service, good rooms",Positive
SP,4,Good south indian snacks,Neutral
Chaitanya Manohar (Chetan),3,Decent ambience in this location.,Neutral
M.shivananda Shivananda,2,Ok good,Positive
Sanjay Poptani,3,Costly and not thay worth.,Negative
pabitra sarkar,4,Good food,Positive
Guru Moorthi,3,"Very good responce
Very nice",Positive
Srinidhi Puranik,5,Great place to visit with family.,Neutral
Vivek Gowda,5,Good service and excellent taste,Positive
Sumant Kulkarni,4,Good for a break and go ahead,Neutral
JITHIN MS,4,A good vegetarian hotel,Neutral
Athaulla Khan,4,Average,Neutral
Atul Dwivedi,4,"Good service, professional staff.",Neutral
Ashok Kumar,3,Very good for vegetarian,Positive
Rishikant Haval,3,Decent South Indian food.,Neutral
Shashidhara Gowda,3,Good place for highway travellers,Neutral
dhanush reddy,4,Good place for veg food,Neutral
satishpralhadrao kadni,3,Good one,Positive
RAjesh Sr,4,Taste are not consistent,Neutral
V K SIR,5,"Nice, very nice hosting",Positive
Bipin Prakash,4,Decent place for a stop over..,Neutral
harsha naik,5,It's good,Positive
Sreedevi Konidena,3,Fine food.full of spices,Neutral
raghu prasad,5,Good options & worth a try,Positive
Prasad Bagojikoppa,5,"Not Bad,",Positive
kishan c gowda,1,Ok good,Positive
Manish S,5,Good food,Positive
Arvind Lohit,5,Superb food quality,Positive
Gowtham Gutta,3,Overall It is an OKAY place to Visit,Neutral
Narayan Reddy,5,Very good üëçüèªüëçüèªüëçüèªüëçüèªüëçüèªossum place ‚Ä¶,Neutral
Kamal Kamal Unni,4,Very good specious room,Positive
Anush Tanksali,4,"Good food, good ambience",Positive
Dr. Sunil Kumar,5,Good place for food,Neutral
muladhaara,5,Very nice,Positive
Abhaykumar Parappanavar,5,Nice food,Positive
Anil Kumar J,4,Good food,Positive
Archi Paul,5,Good South Indian food,Neutral
Arpitha Melanner,3,üëç ‚Ä¶,Neutral
sangamesh rb,3,Ok ok,Positive
ravi kumar.g gowda,5,nice food very teaste,Neutral
Mallikarjun deekonda,4,Best veg hotel,Positive
Yadunandan Katragadda (Nandan),4,Good place good food,Positive
Yedu Vamshi,3,Expensive and average food,Neutral
R Sawkar,5,Good,Positive
Rizwan Khalid,3,Good deliciously cooked food,Positive
Anupama B,5,Good taste and well service,Positive
shabari Mani,5,Good food,Positive
vinay hp,1,Arrogant staff...poor service,Extreme
Rajesh R,5,Bale puri was litüëå ‚Ä¶,Positive
Jayant Sagar,4,Nice food little costlier,Neutral
Subash BP,4,Good south Indian food,Neutral
Giridhar Lakshmi Narayana,5,Good service and good taste.,Positive
Wazeed Pasha,4,Good food,Positive
Mukundan Sampath,4,Good food,Positive
Hanumantha Gowda Gowda,4,Good taste for vegetarians,Neutral
Tabrez Khan,5,Good job,Positive
Prabhakar P,2,Poor service....late service...waste of time,Neutral
Venkateswaran Nagarajan,3,A regular food joint for travellerd,Neutral
mehar parth,5,Nice food,Positive
Arun Karthikeyan,5,Wow taste was good üëå ‚Ä¶,Positive
Pradeep D,2,Not good,Negative
sunil sd,2,"Not worth, only veg",Neutral
Mayur,4,Fine rooms for a stop over.,Neutral
Sudhir Hegde,3,It's ok,Positive
Mohan V,4,"Budget restaurant, on Bangalore-Mysore road",Neutral
PJ,1,Poor service n food.,Extreme
tabassum a,4,Good ambience with good food,Positive
Gurunath Patil,5,Good food,Positive
Muthu Raj S.M.B,5,Nice food,Positive
Yashavanth sss,1,Not good,Extreme
Sindhu Sunil,4,Good food,Positive
Shiva Lingaiah,5,Good place to have food,Neutral
praveen g,4,Tasty food for veggies,Neutral
Narayana Shastry,5,Very nice,Positive
Hrithik S Patil,5,Good food,Positive
Deepak G L,5,Super sir,Positive
LOKESHA S,5,Very good hotel,Positive
Vimal Kataria,5,Nice food,Positive
arun gowda,1,not bad,Positive
Sandeep Konjeti,5,GOOD GOD,Positive
Vijaya Raj,5,Nice food,Positive
tagore r,4,Very good,Positive
Shivaram a,4,Good food,Positive
Ar.prashanth awanti,5,Food is good.,Positive
sweta jain,3,Ok food,Positive
Hakeem Usman.c,3,Not bad,Positive
Madhusudan Ramanatha,4,Nice food,Positive
Afshan Sheikh,4,Awsm food,Neutral
rajkumar rlv,5,Nice food,Positive
Raghunandan K S,4,Good food,Positive
Shwetha HG,1,Good,Positive
V.RAMASWAMY. rajeev,4,Good in quality  and service,Neutral
Ramu Ram,5,Very good,Positive
Rajeshwari Putti,5,Good food,Positive
Pallavi Verma,3,Good food,Positive
seshadri vasan,4,Good food,Positive
Kancharla Kavithareddy,5,Very nice,Positive
Neethu N Vase,2,Not bad,Positive
vivek sharma priyanka sharma,4,Good food,Positive
YOGANANDAA M P,5,Good food,Positive
Mahesh Devarayan,1,Worst quality higher priced,Extreme
ARJUN T,5,Good food,Positive
Gowda p s,4,Good maintenence and well service,Positive
Jain,5,Good food,Positive
Vijayakumar P,5,V. Good,Positive
Nishith Agarwal,3,Not bad,Positive
avinash kunjathur,4,Good food,Positive
Raja Nambi,4,Very good food,Positive
Raj R,4,Good food,Positive
vandana pramod,3,Good food,Positive
Chandresh Mehta,5,EXCELLENT FOOD PURE VEG,Positive
Alex Thomas,1,Too much attitude for the employees.,Neutral
KIRAN RUSHI,3,Good one,Positive
Rejeesh K,5,Nice food,Positive
Hanmanth Madige,4,Good food,Positive
Rafeeq Pasha,3,Good food,Positive
Jitendra Singh Rathore,3,It's ok,Positive
jitendra kumar,4,very good,Positive
Sudhakar Safaya,5,Good food,Positive
Veena K G,4,Good courteous service,Positive
Inder Shekar pal,5,Very nice,Positive
Ravi Shankar,4,Good one,Positive
benjasu,4,Nice food,Positive
Sriranga VN,4,Good food,Positive
Nethravathy Kiran,5,Very good service,Positive
Nu-Tech Industrial,5,Nice taste and verity.,Neutral
Vishal Juneja,3,Food not good,Negative
susheela B N,2,Food was not good.,Neutral
Kiran Bharadwaj,4,Good taste and service,Neutral
Sushma Rakesh,5,Good food,Positive
Saketharam . V,5,Nice sensing sundar pichai,Neutral
rahul kumar,3,Good,Positive
Yamuna yamuna,5,super specialist,Positive
Suyash Sahu,5,Good Food,Positive
VENU GOPI0005,4,OK fine Gus service,Positive
Venkatesh Y R,5,excellent service and good staff,Positive
Shilpi Guha,3,Ok food,Positive
Deepak Sinha,2,Not good.,Negative
Chirag Goutham,3,"Good place for eaters,",Neutral
sahaj patil,1,"Late service ,not good",Neutral
anand raghu,2,Food is not good,Neutral
Kumar D R,5,Super and delicious dishes,Positive
Parul Narain,2,Bakwas. No hygiene.,Negative
Arpitha Bhaskar,5,"Best place , worth it üëå ‚Ä¶",Positive
Bheemaneni Prasad,5,Dosa very good,Positive
Ananthachandran Sathyanarayana Rao,3,Good South Indian restaurant,Neutral
Lohith B Dev,2,Not good,Negative
Sourabh Kothari,4,Nice place for breakfast...,Neutral
Gajendra Bheemaraj,1,Not good,Extreme
AJAY KUMAR SINGH,4,Good value of money,Positive
shashi kumar,1,Too bad,Extreme
Lakshminarayana C,4,Okay okay,Positive
Ramesh Kumar,4,Good veg restaurant,Positive
PRinCe A GAMING,5,Regular place for time pass,Neutral
Mahesh S,5,The food was good.,Neutral
G N Shrihari Rao,4,Very good restaurant,Positive
Avinash RRCE,5,Food is good,Positive
Md Haseen,4,Good customer service,Positive
Pavithra Gowda,2,Vary bad taste,Negative
Surya N Gowda,4,Good,Positive
Jitesh Das,5,Higenic food available,Neutral
Mathan Kumar,4,Good..,Positive
Q TECH MARKETING,4,Nice üëå ‚Ä¶,Positive
Pruthvi Raj G,2,Not good,Negative
Shamanth M K,4,Decent vegetarian option,Neutral
Abhilash R,4,One of the best in Mysore road,Neutral
Panneer Selvan,3,Good joint on a highway.,Neutral
RITHIK CHINDUKURI,3,Average and pricy,Neutral
Nagesh Nayak,5,Very gud hotel,Neutral
AJAY DUBEY,3,Good.,Positive
Shrikanth Nidagundi,4,Good south Indian place,Neutral
Torapa Biranje,4,No one,Negative
ibrahim khaleelulla,4,I enjoyed,Positive
roni s yadav,1,Very bad,Extreme
ganesh thirthahalli. k s,5,Super.,Positive
Raj Shekhar,3,Sir...per,Neutral
anusha C,3,Ok,Positive
rohit singh,5,Best.,Positive
Sai Pavan,3,Little costly,Negative
Raghav Kurpet,5,Amazing mini idlis,Positive
Amit Matoliya,3,,Neutral
lakshman rp,5,North Indian dinner üòòüëå ‚Ä¶,Positive
Suma Kulkarni,5,But prices are higher side,Neutral
Rabin M,4,Good.,Positive
mahesh.k.c Chandrappa,5,Fine and fast,Neutral
vijay chandra varma,3,Nice veg restaurant,Positive
shabareesh,5,Loved it,Positive
MADHU KUMAR GR,5,It is really super,Positive
Rich Nick,4,Good food and cleaning,Neutral
Dhruv shah,3,Amazing breakfast!,Positive
abdul muttalib,4,Good food to eat,Neutral
R.Pradeep Reddy,1,taste is not good,Neutral
pavan kumar,5,One of t,Neutral
Bhuvan H,4,Its ok,Positive
Sharu Shar,4,Good vegetarian food,Positive
Indumathi BP,3,Rates are too√≤ high,Neutral
santosh chomal,5,Loved it,Positive
Rathna Nanjappa,4,Was good,Positive
Ramesh manikonda,1,Too cost,Neutral
Radheesh M R,4,Good,Positive
Kiran K,4,Good place for veggians,Neutral
kiran dravid,5,Food.. Is very good üòã ‚Ä¶,Neutral
Mohan Kumar,5,"Neat, clean place...",Positive
Raghu Harihar,5,Good ....,Positive
Nagendra Kumar,5,Nice üëå ‚Ä¶,Positive
JIM PATRICK PEREIRA,1,Too bad service.....too late service.,Neutral
James Augustine,3,Not bad one,Positive
Soumyaranjan Pradhan,1,Simply ladakaüíûüíû ‚Ä¶,Positive
rahat mir,4,Good for families,Positive
lokesh s n,5,Nice and cool place,Positive
Adith Kp,4,Nice,Positive
Arpan Seth,2,Regular veg restaurant,Neutral
Ravi Kiran,4,Good,Positive
Varshitha N gowda,3,Ok,Positive
Pankaj Bisht,4,Goood,Neutral
Ramesh sh,3,Ok,Positive
Puneeth Mahaling,4,Good quality,Positive
Chethan Chethu,5,Good,Positive
‡≤∂‡≥ç‡≤∞‡≥Ä‡≤Æ‡≤®‡≥ç NaRaYaNa.,5,Is a nice person...,Neutral
James Paul,4,Good place to eat,Neutral
sharan biradar,4,Some wt costly,Neutral
Zubair Bashir,4,Attractive for vegetarians,Positive
MZ Tech,4,Awesome taste !!,Positive
Naveen DR,1,Cost is very high,Neutral
ManjunatheshwaraSwamy G,1,Very poor taste.,Extreme
Shashank Patil,1,Less quantity day by day,Neutral
Nagendra MS,5,Good highway hotel,Positive
Ramapriya Reddy,4,Ok,Positive
K B vaishnav,5,Nice restaurant üòã ‚Ä¶,Neutral
Sneha BR,2,Rates are too high,Neutral
Sunay,3,It's ok ok,Positive
Prema N Bhat,5,Good,Positive
Prakash N,4,Good place,Positive
cool tech,1,Ok average,Positive
Anand Poojari,5,Delicious food!,Positive
manjupavi jeeva,4,Good for vegeterian,Positive
Suma Rangaraj,2,Not up to expectations.,Neutral
Amarnath Singh,3,Good butcostly,Positive
Aji m p,5,Good place in that location,Neutral
Ravitej G.R,3,Very slow service,Neutral
Lakshminarayana Shanubhogh,4,Tasty and hygienic,Neutral
Padma B,1,It is not,Neutral
Madhusudhan .V,5,Simply awesome,Positive
KAVYA SREE,5,Nice,Positive
Nikhil Gupta,3,Ok,Positive
abishek gupta,3,Service is not nice,Neutral
vijay kumar,1,Very bad service...,Extreme
Sachin Modagekar,4,Good place nice place,Positive
Ashish Kumar,4,Its ok,Positive
SHIVANGI,5,Nice,Positive
Shafi Kp,1,Nice,Positive
Sindhu Gowda,5,Superb taste üòã ‚Ä¶,Neutral
Ramesh B K,4,Clean and hygienic.,Positive
Powertech Gen Solution,2,Nice,Positive
Chethan Driver,5,Very good service,Positive
Veena Policepatil,4,Good,Positive
Prashanth Gadag,5,Good,Positive
Pradeep Gaikwad,4,Decent food,Neutral
shreedhar_tiger_ bahaddur,5,Super üëåüëå ‚Ä¶,Positive
PRAJWAL V,5,Amazing,Positive
sharan kumar,4,Good,Positive
Munawar Omar,4,"Clean, good place",Positive
Trupti Joshi,3,Food is okay.,Neutral
establishment one,4,Good service,Positive
Razzak Shahid,5,Nce,Neutral
Rahul Das,5,Nice place to hangout,Neutral
aman narula,4,Nice Experience!!,Positive
Sreenivas L,3,Ok,Positive
petchi muthu,3,NiCe environment,Positive
Viji hs Gowda,4,ymm,Neutral
siddalinga swamy,4,Good,Positive
KRUPALAKSHMI HJ,5,Excellent service,Positive
Gangadhar.S mathapati,3,Good,Positive
PARASHIVA MURTHY,3,Matheson,Neutral
Anita Agrawal,3,Ok,Positive
Manju MP,4,Nice,Positive
Nagaraj Halady,5,Good is berry good,Positive
Sindhu Ashok,4,Food was ok,Positive
Mohammed Azher,5,Ok,Positive
Anu D,4,Good,Positive
Pradeep CR,5,South Indian veg restaurant,Neutral
manu shilpa,4,Good,Positive
anantha padmanabha,5,Excellent taste,Positive
Ashwin Kumar,5,Nice taste..,Positive
Bharat Thacker,4,Good food üëç ‚Ä¶,Neutral
G.K Vijay Vijay,5,Good,Positive
santhosh kumar,5,Nice,Positive
shaik waseem,5,Good,Positive
srinivasmurthy777 Dr,4,Up,Neutral
Venkata Surya Prakash Gubbala (Nani),5,Nice,Positive
Harish Shenoy,5,Nice,Positive
Akash n gowda,5,Good restaurant,Positive
Udaya Shankara,5,Superb food....,Positive
Raghavendra shetty,4,Good,Positive
manjunath k.s,2,Not like before,Negative
Pranmitra Shankaran. changarkumarath,4,Good,Positive
Chandrashree Nagendra,4,Taste is good,Positive
Sumith kumar Yogi,5,Best,Positive
SURESH NATARAJA,5,Good snacks,Positive
Sheshadri N,5,Good,Positive
kumareshan r,3,Ok,Positive
deepak yadav,4,Good,Positive
Pramodkv1308@gmali.com 9036512345,4,Good,Positive
Bharath G P,4,Decent food food,Neutral
Meenakshi S.M,5,Awesome,Positive
Saleem S,4,Good,Positive
suresh Nadella,4,Quality food in Highway,Neutral
Peter Antony doss,3,Good,Positive
Harminder Singh,3,Poor ambience,Negative
Naveen Patel,3,Good,Positive
